,model,score_test,score_val,eval_metric,pred_time_test,pred_time_val,fit_time,pred_time_test_marginal,pred_time_val_marginal,fit_time_marginal,stack_level,can_infer,fit_order
0,CatBoost,0.0,0.0,f1,0.0023779869079589844,0.0016138553619384766,0.7727060317993164,0.0023779869079589844,0.0016138553619384766,0.7727060317993164,1,True,2
1,XGBoost,0.0,0.0,f1,0.00507807731628418,0.002789020538330078,0.4532191753387451,0.00507807731628418,0.002789020538330078,0.4532191753387451,1,True,4
2,NeuralNetFastAI,0.0,0.0,f1,0.007871866226196289,0.005908012390136719,0.9946608543395996,0.007871866226196289,0.005908012390136719,0.9946608543395996,1,True,3
3,RandomForest,0.0,0.0,f1,0.029809951782226562,0.026435136795043945,0.38021206855773926,0.029809951782226562,0.026435136795043945,0.38021206855773926,1,True,1
4,WeightedEnsemble_L2,0.0,0.0,f1,0.030579090118408203,0.02745199203491211,0.4584200382232666,0.0007691383361816406,0.001016855239868164,0.07820796966552734,2,True,5
