,model,score_test,score_val,eval_metric,pred_time_test,pred_time_val,fit_time,pred_time_test_marginal,pred_time_val_marginal,fit_time_marginal,stack_level,can_infer,fit_order
0,WeightedEnsemble_L2,-30.960141374491204,-30.960141374491204,root_mean_squared_error,0.028206586837768555,0.01934194564819336,2.3758928775787354,0.001306772232055664,0.0005159378051757812,0.003216981887817383,2,True,5
1,CatBoost,-30.98042250158084,-30.98042250158084,root_mean_squared_error,0.011008977890014648,0.0022630691528320312,0.542478084564209,0.011008977890014648,0.0022630691528320312,0.542478084564209,1,True,2
2,XGBoost,-30.98307307135935,-30.98307307135935,root_mean_squared_error,0.0057220458984375,0.002908945083618164,0.6437709331512451,0.0057220458984375,0.002908945083618164,0.6437709331512451,1,True,4
3,NeuralNetFastAI,-30.999501086160073,-30.999501086160073,root_mean_squared_error,0.010168790817260742,0.013653993606567383,1.1864268779754639,0.010168790817260742,0.013653993606567383,1.1864268779754639,1,True,3
4,RandomForest,-31.994818407701857,-31.994818407701857,root_mean_squared_error,0.05978107452392578,0.04052925109863281,0.7392110824584961,0.05978107452392578,0.04052925109863281,0.7392110824584961,1,True,1
