,model,score_test,score_val,eval_metric,pred_time_test,pred_time_val,fit_time,pred_time_test_marginal,pred_time_val_marginal,fit_time_marginal,stack_level,can_infer,fit_order
0,WeightedEnsemble_L2,-7.193380944901539,-7.193380944901539,root_mean_squared_error,0.07416152954101562,0.04414725303649902,2.2499773502349854,0.0010828971862792969,0.00048804283142089844,0.002978086471557617,2,True,5
1,XGBoost,-7.220236663831443,-7.220236663831443,root_mean_squared_error,0.0063037872314453125,0.0031120777130126953,0.6919691562652588,0.0063037872314453125,0.0031120777130126953,0.6919691562652588,1,True,4
2,CatBoost,-7.225718466933355,-7.225718466933355,root_mean_squared_error,0.00860905647277832,0.0024671554565429688,0.6921710968017578,0.00860905647277832,0.0024671554565429688,0.6921710968017578,1,True,2
3,RandomForest,-7.289388918483619,-7.289388918483619,root_mean_squared_error,0.058165788650512695,0.03807997703552246,0.8628590106964111,0.058165788650512695,0.03807997703552246,0.8628590106964111,1,True,1
4,NeuralNetFastAI,-7.430802988546605,-7.430802988546605,root_mean_squared_error,0.008411169052124023,0.01075887680053711,1.256347894668579,0.008411169052124023,0.01075887680053711,1.256347894668579,1,True,3
