,model,score_test,score_val,eval_metric,pred_time_test,pred_time_val,fit_time,pred_time_test_marginal,pred_time_val_marginal,fit_time_marginal,stack_level,can_infer,fit_order
0,CatBoost,0.0,0.0,f1,0.0036270618438720703,0.00201416015625,4.361102104187012,0.0036270618438720703,0.00201416015625,4.361102104187012,1,True,2
1,XGBoost,0.0,0.0,f1,0.004973888397216797,0.0029458999633789062,0.4782679080963135,0.004973888397216797,0.0029458999633789062,0.4782679080963135,1,True,4
2,NeuralNetFastAI,0.0,0.0,f1,0.008066892623901367,0.0059163570404052734,0.9885680675506592,0.008066892623901367,0.0059163570404052734,0.9885680675506592,1,True,3
3,RandomForest,0.0,0.0,f1,0.029577970504760742,0.02927398681640625,0.38070130348205566,0.029577970504760742,0.02927398681640625,0.38070130348205566,1,True,1
4,WeightedEnsemble_L2,0.0,0.0,f1,0.030400991439819336,0.03041815757751465,0.45958709716796875,0.0008230209350585938,0.0011441707611083984,0.07888579368591309,2,True,5
