,model,score_test,score_val,eval_metric,pred_time_test,pred_time_val,fit_time,pred_time_test_marginal,pred_time_val_marginal,fit_time_marginal,stack_level,can_infer,fit_order
0,NeuralNetFastAI,0.660164271047228,0.660164271047228,roc_auc,0.007678985595703125,0.006410837173461914,1.165747880935669,0.007678985595703125,0.006410837173461914,1.165747880935669,1,True,3
1,WeightedEnsemble_L2,0.660164271047228,0.660164271047228,roc_auc,0.008577108383178711,0.006645917892456055,1.1772749423980713,0.0008981227874755859,0.00023508071899414062,0.011527061462402344,2,True,5
2,RandomForest,0.6084188911704311,0.6084188911704311,roc_auc,0.04379391670227051,0.028256893157958984,0.4785120487213135,0.04379391670227051,0.028256893157958984,0.4785120487213135,1,True,1
3,XGBoost,0.5094455852156058,0.5094455852156058,roc_auc,0.0055468082427978516,0.003267049789428711,0.3091239929199219,0.0055468082427978516,0.003267049789428711,0.3091239929199219,1,True,4
4,CatBoost,0.43552361396303907,0.43552361396303907,roc_auc,0.002444028854370117,0.0017418861389160156,0.7618968486785889,0.002444028854370117,0.0017418861389160156,0.7618968486785889,1,True,2
