,model,score_test,score_val,eval_metric,pred_time_test,pred_time_val,fit_time,pred_time_test_marginal,pred_time_val_marginal,fit_time_marginal,stack_level,can_infer,fit_order
0,WeightedEnsemble_L2,0.18181818181818182,0.18181818181818182,f1,0.013682842254638672,0.009377241134643555,1.454298973083496,0.0009248256683349609,0.001112222671508789,0.07349705696105957,2,True,5
1,NeuralNetFastAI,0.11764705882352941,0.11764705882352941,f1,0.007849931716918945,0.005728960037231445,0.7941439151763916,0.007849931716918945,0.005728960037231445,0.7941439151763916,1,True,3
2,CatBoost,0.0,0.0,f1,0.0020389556884765625,0.0014770030975341797,0.5972809791564941,0.0020389556884765625,0.0014770030975341797,0.5972809791564941,1,True,2
3,XGBoost,0.0,0.0,f1,0.004908084869384766,0.0025360584259033203,0.5866580009460449,0.004908084869384766,0.0025360584259033203,0.5866580009460449,1,True,4
4,RandomForest,0.0,0.0,f1,0.042546987533569336,0.027723073959350586,0.5007448196411133,0.042546987533569336,0.027723073959350586,0.5007448196411133,1,True,1
