,model,score_test,score_val,eval_metric,pred_time_test,pred_time_val,fit_time,pred_time_test_marginal,pred_time_val_marginal,fit_time_marginal,stack_level,can_infer,fit_order
0,NeuralNetFastAI,0.2620689655172414,0.25390625,f1,0.011884689331054688,0.01281285285949707,1.378673791885376,0.011884689331054688,0.01281285285949707,1.378673791885376,1,True,3
1,WeightedEnsemble_L2,0.2620689655172414,0.25390625,f1,0.012764692306518555,0.013796091079711914,1.4530739784240723,0.0008800029754638672,0.0009832382202148438,0.07440018653869629,2,True,5
2,XGBoost,0.07058823529411765,0.07228915662650602,f1,0.008875131607055664,0.004388093948364258,0.9224257469177246,0.008875131607055664,0.004388093948364258,0.9224257469177246,1,True,4
3,CatBoost,0.025974025974025976,0.025974025974025976,f1,0.006552219390869141,0.001626729965209961,0.8075871467590332,0.006552219390869141,0.001626729965209961,0.8075871467590332,1,True,2
4,RandomForest,0.024390243902439025,0.024691358024691357,f1,0.050279855728149414,0.041657209396362305,0.44251203536987305,0.050279855728149414,0.041657209396362305,0.44251203536987305,1,True,1
