,model,score_test,score_val,eval_metric,pred_time_test,pred_time_val,fit_time,pred_time_test_marginal,pred_time_val_marginal,fit_time_marginal,stack_level,can_infer,fit_order
0,NeuralNetFastAI,0.04081632653061224,0.03508771929824561,f1,0.008543014526367188,0.006127119064331055,1.091628074645996,0.008543014526367188,0.006127119064331055,1.091628074645996,1,True,3
1,WeightedEnsemble_L2,0.04081632653061224,0.03508771929824561,f1,0.009335994720458984,0.007127046585083008,1.1686961650848389,0.0007929801940917969,0.0009999275207519531,0.07706809043884277,2,True,5
2,CatBoost,0.0,0.0,f1,0.002357959747314453,0.0015201568603515625,0.6868171691894531,0.002357959747314453,0.0015201568603515625,0.6868171691894531,1,True,2
3,XGBoost,0.0,0.0,f1,0.0052928924560546875,0.0030889511108398438,0.4975743293762207,0.0052928924560546875,0.0030889511108398438,0.4975743293762207,1,True,4
4,RandomForest,0.0,0.0,f1,0.04397702217102051,0.039103031158447266,0.4164769649505615,0.04397702217102051,0.039103031158447266,0.4164769649505615,1,True,1
