,model,score_test,score_val,eval_metric,pred_time_test,pred_time_val,fit_time,pred_time_test_marginal,pred_time_val_marginal,fit_time_marginal,stack_level,can_infer,fit_order
0,WeightedEnsemble_L2,-0.01422822992407764,-0.014228230002257033,root_mean_squared_error,0.022796154022216797,0.013099908828735352,2.2089171409606934,0.0011031627655029297,0.00019788742065429688,0.003125905990600586,2,True,5
1,XGBoost,-0.014231195772735131,-0.014231195835371926,root_mean_squared_error,0.005835056304931641,0.0039141178131103516,0.5435571670532227,0.005835056304931641,0.0039141178131103516,0.5435571670532227,1,True,4
2,CatBoost,-0.014272559986772725,-0.014272559986772725,root_mean_squared_error,0.007107734680175781,0.0022978782653808594,0.5434458255767822,0.007107734680175781,0.0022978782653808594,0.5434458255767822,1,True,2
3,NeuralNetFastAI,-0.014307340639368747,-0.014307340639368747,root_mean_squared_error,0.008750200271606445,0.006690025329589844,1.118788242340088,0.008750200271606445,0.006690025329589844,1.118788242340088,1,True,3
4,RandomForest,-0.01476649958971984,-0.01476649958971984,root_mean_squared_error,0.06322979927062988,0.0415496826171875,0.8800840377807617,0.06322979927062988,0.0415496826171875,0.8800840377807617,1,True,1
