,model,score_test,score_val,eval_metric,pred_time_test,pred_time_val,fit_time,pred_time_test_marginal,pred_time_val_marginal,fit_time_marginal,stack_level,can_infer,fit_order
0,WeightedEnsemble_L2,0.994672131147541,0.994672131147541,roc_auc,0.009234189987182617,0.006287097930908203,1.5611927509307861,0.0008950233459472656,0.0003371238708496094,0.01169276237487793,2,True,5
1,XGBoost,0.9942622950819673,0.9942622950819673,roc_auc,0.0057220458984375,0.0035479068756103516,0.33478403091430664,0.0057220458984375,0.0035479068756103516,0.33478403091430664,1,True,4
2,CatBoost,0.9766393442622952,0.9766393442622952,roc_auc,0.0026171207427978516,0.002402067184448242,1.2147159576416016,0.0026171207427978516,0.002402067184448242,1.2147159576416016,1,True,2
3,NeuralNetFastAI,0.9737704918032787,0.9737704918032787,roc_auc,0.007767677307128906,0.010529041290283203,1.349142074584961,0.007767677307128906,0.010529041290283203,1.349142074584961,1,True,3
4,RandomForest,0.9723360655737705,0.9723360655737705,roc_auc,0.044471025466918945,0.028841018676757812,0.39550304412841797,0.044471025466918945,0.028841018676757812,0.39550304412841797,1,True,1
