,model,score_test,score_val,eval_metric,pred_time_test,pred_time_val,fit_time,pred_time_test_marginal,pred_time_val_marginal,fit_time_marginal,stack_level,can_infer,fit_order
0,WeightedEnsemble_L2,0.07017543859649122,0.07017543859649122,f1,0.013978958129882812,0.010309219360351562,1.7235054969787598,0.0009019374847412109,0.0009872913360595703,0.0734562873840332,2,True,5
1,NeuralNetFastAI,0.0211864406779661,0.0211864406779661,f1,0.008022069931030273,0.006471872329711914,0.954246997833252,0.008022069931030273,0.006471872329711914,0.954246997833252,1,True,3
2,CatBoost,0.0,0.0,f1,0.002207040786743164,0.0015590190887451172,0.7050380706787109,0.002207040786743164,0.0015590190887451172,0.7050380706787109,1,True,2
3,XGBoost,0.0,0.0,f1,0.005054950714111328,0.002850055694580078,0.6958022117614746,0.005054950714111328,0.002850055694580078,0.6958022117614746,1,True,4
4,RandomForest,0.0,0.0,f1,0.043704986572265625,0.027975797653198242,0.3972511291503906,0.043704986572265625,0.027975797653198242,0.3972511291503906,1,True,1
