,model,score_test,score_val,eval_metric,pred_time_test,pred_time_val,fit_time,pred_time_test_marginal,pred_time_val_marginal,fit_time_marginal,stack_level,can_infer,fit_order
0,NeuralNetFastAI,0.4,0.4,f1,0.007948875427246094,0.005797863006591797,1.3080520629882812,0.007948875427246094,0.005797863006591797,1.3080520629882812,1,True,3
1,WeightedEnsemble_L2,0.4,0.4,f1,0.008722782135009766,0.0067899227142333984,1.3820750713348389,0.0007739067077636719,0.0009920597076416016,0.07402300834655762,2,True,5
2,CatBoost,0.0,0.0,f1,0.002189159393310547,0.0016300678253173828,0.8200368881225586,0.002189159393310547,0.0016300678253173828,0.8200368881225586,1,True,2
3,XGBoost,0.0,0.0,f1,0.005086183547973633,0.0028069019317626953,0.534930944442749,0.005086183547973633,0.0028069019317626953,0.534930944442749,1,True,4
4,RandomForest,0.0,0.0,f1,0.04386401176452637,0.04093003273010254,0.3922560214996338,0.04386401176452637,0.04093003273010254,0.3922560214996338,1,True,1
