,model,score_test,score_val,eval_metric,pred_time_test,pred_time_val,fit_time,pred_time_test_marginal,pred_time_val_marginal,fit_time_marginal,stack_level,can_infer,fit_order
0,NeuralNetFastAI,0.6666666666666666,0.6666666666666666,f1,0.0075531005859375,0.005800008773803711,1.0540943145751953,0.0075531005859375,0.005800008773803711,1.0540943145751953,1,True,3
1,WeightedEnsemble_L2,0.6666666666666666,0.6666666666666666,f1,0.008376836776733398,0.006782054901123047,1.1275222301483154,0.0008237361907958984,0.000982046127319336,0.07342791557312012,2,True,5
2,CatBoost,0.0,0.0,f1,0.002232789993286133,0.0014951229095458984,0.6635830402374268,0.002232789993286133,0.0014951229095458984,0.6635830402374268,1,True,2
3,XGBoost,0.0,0.0,f1,0.005072116851806641,0.0030519962310791016,0.43586087226867676,0.005072116851806641,0.0030519962310791016,0.43586087226867676,1,True,4
4,RandomForest,0.0,0.0,f1,0.041821956634521484,0.027552127838134766,0.3763000965118408,0.041821956634521484,0.027552127838134766,0.3763000965118408,1,True,1
