,model,score_test,score_val,eval_metric,pred_time_test,pred_time_val,fit_time,pred_time_test_marginal,pred_time_val_marginal,fit_time_marginal,stack_level,can_infer,fit_order
0,NeuralNetFastAI,0.8,0.8,f1,0.009147167205810547,0.007005929946899414,1.4106459617614746,0.009147167205810547,0.007005929946899414,1.4106459617614746,1,True,3
1,WeightedEnsemble_L2,0.8,0.8,f1,0.009895086288452148,0.00804591178894043,1.4859709739685059,0.0007479190826416016,0.0010399818420410156,0.07532501220703125,2,True,5
2,XGBoost,0.75,0.75,f1,0.005549192428588867,0.002850055694580078,0.6006569862365723,0.005549192428588867,0.002850055694580078,0.6006569862365723,1,True,4
3,CatBoost,0.5714285714285714,0.5714285714285714,f1,0.00278472900390625,0.001708984375,1.244203805923462,0.00278472900390625,0.001708984375,1.244203805923462,1,True,2
4,RandomForest,0.0,0.0,f1,0.043733835220336914,0.040760040283203125,0.3885459899902344,0.043733835220336914,0.040760040283203125,0.3885459899902344,1,True,1
