,model,score_test,score_val,eval_metric,pred_time_test,pred_time_val,fit_time,pred_time_test_marginal,pred_time_val_marginal,fit_time_marginal,stack_level,can_infer,fit_order
0,NeuralNetFastAI,0.9993127147766323,0.9993127147766323,roc_auc,0.008155107498168945,0.00852203369140625,1.293069839477539,0.008155107498168945,0.00852203369140625,1.293069839477539,1,True,3
1,WeightedEnsemble_L2,0.9993127147766323,0.9993127147766323,roc_auc,0.009287118911743164,0.008751153945922852,1.3049566745758057,0.0011320114135742188,0.00022912025451660156,0.011886835098266602,2,True,5
2,CatBoost,0.9986254295532646,0.9986254295532646,roc_auc,0.002599000930786133,0.0018908977508544922,1.0688929557800293,0.002599000930786133,0.0018908977508544922,1.0688929557800293,1,True,2
3,XGBoost,0.9986254295532646,0.9986254295532646,roc_auc,0.01877903938293457,0.02068781852722168,1.1469340324401855,0.01877903938293457,0.02068781852722168,1.1469340324401855,1,True,4
4,RandomForest,0.9979381443298969,0.9979381443298969,roc_auc,0.04432106018066406,0.028919219970703125,0.3905060291290283,0.04432106018066406,0.028919219970703125,0.3905060291290283,1,True,1
