,model,score_test,score_val,eval_metric,pred_time_test,pred_time_val,fit_time,pred_time_test_marginal,pred_time_val_marginal,fit_time_marginal,stack_level,can_infer,fit_order
0,NeuralNetFastAI,0.3,0.2857142857142857,f1,0.007281303405761719,0.006015777587890625,0.8431229591369629,0.007281303405761719,0.006015777587890625,0.8431229591369629,1,True,3
1,WeightedEnsemble_L2,0.3,0.2857142857142857,f1,0.008045196533203125,0.006968498229980469,0.9152951240539551,0.0007638931274414062,0.0009527206420898438,0.07217216491699219,2,True,5
2,CatBoost,0.0,0.0,f1,0.0021309852600097656,0.0015139579772949219,0.44115114212036133,0.0021309852600097656,0.0015139579772949219,0.44115114212036133,1,True,2
3,XGBoost,0.0,0.0,f1,0.004670858383178711,0.0023229122161865234,0.4492218494415283,0.004670858383178711,0.0023229122161865234,0.4492218494415283,1,True,4
4,RandomForest,0.0,0.0,f1,0.03019094467163086,0.02944207191467285,0.3908379077911377,0.03019094467163086,0.02944207191467285,0.3908379077911377,1,True,1
